﻿
go
use DBQUANLYQUANAN
go
set dateformat dmy

---INSERT DON VI LUONG--
go
insert into DONVITINHLUONG(MADONVITINHLUONG,TENDONVITINHLUONG)
values ('DVL01', N'giờ')
insert into DONVITINHLUONG(MADONVITINHLUONG,TENDONVITINHLUONG)
values ('DVL02', N'buổi')
insert into DONVITINHLUONG(MADONVITINHLUONG,TENDONVITINHLUONG)
values ('DVL03', N'ngày')
insert into DONVITINHLUONG(MADONVITINHLUONG,TENDONVITINHLUONG)
values ('DVL04', N'tháng')

---INSERT ADMIN---
go
insert into ACCOUNT(ID,TAIKHOAN,MATKHAU,HOTEN,NGAYSINH,GIOITINH,SDT,DIACHI,LOAIUSER) 
values ('ad00000001','admin1','d552c872517b2066e7f3a30db05cdf1c',N'Lê Phương','14/03/1990',N'Nam','0938099440',N'Kp6, pĐông Hòa, Phú Yên','ad')
--mk duoc hash md5 tu admin1123456 gom 32 ky tu
go
insert into ADMIN(MAADMIN,QUYEN)
values('ad00000001','1234567890')


--INSERT NHANVIEN--
insert into ACCOUNT(ID,TAIKHOAN,MATKHAU,HOTEN,NGAYSINH,GIOITINH,SDT,DIACHI,LOAIUSER) 
values ('nv00000001','nvthuthao','f47980bd2c8a5437550a58776c43d7eb',N'Lê Thị Thu Thảo','26/8/1979',N'Nữ','0335352479',N'Thạch Chẩm, Hòa Xuân Tây, Đông Hòa,Phú Yên','nv')
--mk 123456
insert into ACCOUNT(ID,TAIKHOAN,MATKHAU,HOTEN,NGAYSINH,GIOITINH,SDT,DIACHI,LOAIUSER) 
values ('nv00000002','nvminhtrang','f53f6d8b67986a5be6d4191d9b4942e0',N'Trần Thị Minh Trang','6/3/1975',N'Nữ','0376672483',N'Thôn Năm, Hòa Vinh, Đông Hòa, Phú Yên','nv')
--hash nvminhtrang123456 mk 123456
go
insert into NHANVIEN(MANHANVIEN,LUONG,MADONVITINHLUONG,NGAYKYHOPDONG,TRANGTHAI)
values ('nv00000001',100000,'DVL02','24/08/2018',1)
insert into NHANVIEN(MANHANVIEN,LUONG,MADONVITINHLUONG,NGAYKYHOPDONG,TRANGTHAI)
values ('nv00000002',100000,'DVL02','15/05/2018',1)


--INSERT CHAMCONG--
go
insert into CHAMCONGNHANVIEN(MANHANVIEN,NGAYCHAMCONG,THOIGIANLAM,TRANGTHAITHANHTOAN)
values ('nv00000001','4/4/2020',2,1)
insert into CHAMCONGNHANVIEN(MANHANVIEN,NGAYCHAMCONG,THOIGIANLAM,TRANGTHAITHANHTOAN)
values ('nv00000002','4/4/2020',1.5,1)
insert into CHAMCONGNHANVIEN(MANHANVIEN,NGAYCHAMCONG,THOIGIANLAM,TRANGTHAITHANHTOAN)
values ('nv00000001','4/5/2020',2,0)
insert into CHAMCONGNHANVIEN(MANHANVIEN,NGAYCHAMCONG,THOIGIANLAM,TRANGTHAITHANHTOAN)
values ('nv00000002','4/5/2020',2,0)
insert into CHAMCONGNHANVIEN(MANHANVIEN,NGAYCHAMCONG,THOIGIANLAM,TRANGTHAITHANHTOAN)
values ('nv00000001','5/5/2020',1.5,0)
insert into CHAMCONGNHANVIEN(MANHANVIEN,NGAYCHAMCONG,THOIGIANLAM,TRANGTHAITHANHTOAN)
values ('nv00000002','5/6/2020',2,0)



--INSERT THANHTOANLUONGNHANVIEN--
go
insert into THANHTOANLUONGNHANVIEN(MANHANVIEN,NGAYTHANHTOAN,TONGTHOIGIANLAM,KHOANGKHAC,GHICHU,TONGLUONG)
values ('nv00000001','4/4/2020',2,0,N'',200000)
insert into THANHTOANLUONGNHANVIEN(MANHANVIEN,NGAYTHANHTOAN,TONGTHOIGIANLAM,KHOANGKHAC,GHICHU,TONGLUONG)
values ('nv00000002','5/4/2020',1.5,20000,N'Tiền mua nước',170000)


--INSERT KHACHHANG--
go
insert into ACCOUNT(ID,TAIKHOAN,MATKHAU,HOTEN,NGAYSINH,GIOITINH,SDT,DIACHI,LOAIUSER) 
values ('kh00000001','tuandeptrai@gmail.com','ee64469097c03e4f7045838ce287d242',N'Nguyễn Văn Tuấn','24/03/1998',N'Nam','0392653433',N'Thôn Năm, Hòa Vinh, Đông Hòa, Phú Yên','kh')
--mk: 123456
go
insert into KHACHHANG(MAKHACHHANG, DIACHINHANHANG)
values ('kh00000001',N'KTX Khu A')
go
insert into ACCOUNT(ID,TAIKHOAN,MATKHAU,HOTEN,NGAYSINH,GIOITINH,SDT,DIACHI,LOAIUSER) 
values ('kh00000002','tanpro99@gmail.com','d6c5f468c985463daf71c8db72f2c1a1',N'Nguyễn Anh Tấn','20/01/1999',N'Nam','0335455824',N'Thôn Tư, Hòa Vinh, Đông Hòa, Phú Yên','kh')
--mk: 123456
go
insert into KHACHHANG(MAKHACHHANG, DIACHINHANHANG)
values ('kh00000002',N'Số 27, khu phố 1, Hòa Vinh, Đông Hòa, Phú Yên')


-------------------------------------------------------
--INSERT DONVITINH--
go
insert into DONVITINH(MADONVITINH,TENDONVITINH)
values ('DVT01',N'kg')
insert into DONVITINH(MADONVITINH,TENDONVITINH)
values ('DVT02',N'g')
insert into DONVITINH(MADONVITINH,TENDONVITINH)
values ('DVT03',N'bó')
insert into DONVITINH(MADONVITINH,TENDONVITINH)
values ('DVT04',N'quả')
insert into DONVITINH(MADONVITINH,TENDONVITINH)
values ('DVT05',N'tá')
insert into DONVITINH(MADONVITINH,TENDONVITINH)
values ('DVT06',N'chai')
insert into DONVITINH(MADONVITINH,TENDONVITINH)
values ('DVT07',N'phần')
insert into DONVITINH(MADONVITINH,TENDONVITINH)
values ('DVT08',N'cái')
insert into DONVITINH(MADONVITINH,TENDONVITINH)
values ('DVT09',N'con')
insert into DONVITINH(MADONVITINH,TENDONVITINH)
values ('DVT10',N'bì')
insert into DONVITINH(MADONVITINH,TENDONVITINH)
values ('DVT11',N'lô')
insert into DONVITINH(MADONVITINH,TENDONVITINH)
values ('DVT12',N'cặp')
go

--INSERT LOAIMATHANG--
insert into LOAIMATHANG(MALOAIMATHANG,TENLOAIMATHANG)
values ('LH000',N'Khác')
insert into LOAIMATHANG(MALOAIMATHANG,TENLOAIMATHANG)
values ('LH001',N'Nguyên liệu')
insert into LOAIMATHANG(MALOAIMATHANG,TENLOAIMATHANG)
values ('LH002',N'Dụng cụ')
insert into LOAIMATHANG(MALOAIMATHANG,TENLOAIMATHANG)
values ('LH003',N'Nước giải khát')
insert into LOAIMATHANG(MALOAIMATHANG,TENLOAIMATHANG)
values ('LH004',N'Món ăn')

--INSERT MATHANG_NGUYENLIEU--
insert into MATHANG(MAMATHANG,TENMATHANG,MADONVITINH,MALOAIMATHANG)
values ('NL001',N'Hành lá','DVT01','LH001')
go
insert into NGUYENLIEU(MANGUYENLIEU)
values ('NL001')

insert into MATHANG(MAMATHANG,TENMATHANG,MADONVITINH,MALOAIMATHANG)
values ('NL002',N'Xú hào','DVT01','LH001')
go
insert into NGUYENLIEU(MANGUYENLIEU)
values ('NL002')

insert into MATHANG(MAMATHANG,TENMATHANG,MADONVITINH,MALOAIMATHANG)
values ('NL003',N'Khổ qua','DVT01','LH001')
go
insert into NGUYENLIEU(MANGUYENLIEU)
values ('NL003')

insert into MATHANG(MAMATHANG,TENMATHANG,MADONVITINH,MALOAIMATHANG)
values ('NL004',N'Sườn heo','DVT01','LH001')
go
insert into NGUYENLIEU(MANGUYENLIEU)
values ('NL004')

insert into MATHANG(MAMATHANG,TENMATHANG,MADONVITINH,MALOAIMATHANG)
values ('NL005',N'Mực','DVT01','LH001')
go
insert into NGUYENLIEU(MANGUYENLIEU)
values ('NL005')

insert into MATHANG(MAMATHANG,TENMATHANG,MADONVITINH,MALOAIMATHANG)
values ('NL006',N'Thịt theo','DVT01','LH001')
go
insert into NGUYENLIEU(MANGUYENLIEU)
values ('NL006')

insert into MATHANG(MAMATHANG,TENMATHANG,MADONVITINH,MALOAIMATHANG)
values ('NL007',N'Đùi gà','DVT08','LH001')
go
insert into NGUYENLIEU(MANGUYENLIEU)
values ('NL007')

insert into MATHANG(MAMATHANG,TENMATHANG,MADONVITINH,MALOAIMATHANG)
values ('NL008',N'Dầu ăn','DVT06','LH001')
go
insert into NGUYENLIEU(MANGUYENLIEU)
values ('NL008')

insert into MATHANG(MAMATHANG,TENMATHANG,MADONVITINH,MALOAIMATHANG)
values ('NL009',N'Muối','DVT10','LH001')
go
insert into NGUYENLIEU(MANGUYENLIEU)
values ('NL009')

insert into MATHANG(MAMATHANG,TENMATHANG,MADONVITINH,MALOAIMATHANG)
values ('NL010',N'Hạt nêm','DVT10','LH001')
go
insert into NGUYENLIEU(MANGUYENLIEU)
values ('NL010')


--INSERT MATHANG_DUNGCU--
insert into MATHANG(MAMATHANG,TENMATHANG,MADONVITINH,MALOAIMATHANG)
values ('DC001',N'Hộp','DVT11','LH002')
go
insert into DUNGCU(MADUNGCU)
values ('DC001')

insert into MATHANG(MAMATHANG,TENMATHANG,MADONVITINH,MALOAIMATHANG)
values ('DC002',N'Muỗng nhựa','DVT11','LH002')
go
insert into DUNGCU(MADUNGCU)
values ('DC002')

insert into MATHANG(MAMATHANG,TENMATHANG,MADONVITINH,MALOAIMATHANG)
values ('DC003',N'Tăm','DVT11','LH002')
go
insert into DUNGCU(MADUNGCU)
values ('DC003')

insert into MATHANG(MAMATHANG,TENMATHANG,MADONVITINH,MALOAIMATHANG)
values ('DC004',N'Đũa tre','DVT12','LH002')
go
insert into DUNGCU(MADUNGCU)
values ('DC004')

insert into MATHANG(MAMATHANG,TENMATHANG,MADONVITINH,MALOAIMATHANG)
values ('DC005',N'Muỗng sắt','DVT08','LH002')
go
insert into DUNGCU(MADUNGCU)
values ('DC005')

insert into MATHANG(MAMATHANG,TENMATHANG,MADONVITINH,MALOAIMATHANG)
values ('DC006',N'Nĩa sắt','DVT08','LH002')
go
insert into DUNGCU(MADUNGCU)
values ('DC006')

insert into MATHANG(MAMATHANG,TENMATHANG,MADONVITINH,MALOAIMATHANG)
values ('DC007',N'Dao','DVT08','LH002')
go
insert into DUNGCU(MADUNGCU)
values ('DC007')

insert into MATHANG(MAMATHANG,TENMATHANG,MADONVITINH,MALOAIMATHANG)
values ('DC008',N'Thớt','DVT08','LH002')
go
insert into DUNGCU(MADUNGCU)
values ('DC008')

insert into MATHANG(MAMATHANG,TENMATHANG,MADONVITINH,MALOAIMATHANG)
values ('DC009',N'Nồi','DVT08','LH002')
go
insert into DUNGCU(MADUNGCU)
values ('DC009')

insert into MATHANG(MAMATHANG,TENMATHANG,MADONVITINH,MALOAIMATHANG)
values ('DC010',N'Bàn','DVT08','LH002')
go
insert into DUNGCU(MADUNGCU)
values ('DC010')

insert into MATHANG(MAMATHANG,TENMATHANG,MADONVITINH,MALOAIMATHANG)
values ('DC011',N'Ghế','DVT08','LH002')
go
insert into DUNGCU(MADUNGCU)
values ('DC011')


--INSERT MATHANG_NUOCGIAIKHAT--
insert into MATHANG(MAMATHANG,TENMATHANG,MADONVITINH,MALOAIMATHANG)
values ('NC001',N'Nước tăng lực Sting','DVT06','LH003')
go
insert into NUOCGIAIKHAT(MANUOCGIAIKHAT,GIABAN,SOLUONGCON,HINHANH)
values ('NC001',10000,15,'https://image.pharmacity.vn/live/uploads/2020/04/P08084_1_l.jpg')

insert into MATHANG(MAMATHANG,TENMATHANG,MADONVITINH,MALOAIMATHANG)
values ('NC002',N'Trà xanh không độ','DVT06','LH003')
go
insert into NUOCGIAIKHAT(MANUOCGIAIKHAT,GIABAN,SOLUONGCON,HINHANH)
values ('NC002',10000,12,'https://www.thp.com.vn/wp-content/uploads/2017/01/slider-zero1.png')


--INSERT MATHANG_MONAN--
insert into MATHANG(MAMATHANG,TENMATHANG,MADONVITINH,MALOAIMATHANG)
values ('MA001',N'Sườn kho','DVT07','LH004')
go
insert into MONAN(MAMONAN,GIABAN, HINHANH)
values ('MA001',20000,'https://i.ytimg.com/vi/0OkIG_svcVM/hqdefault.jpg')

insert into MATHANG(MAMATHANG,TENMATHANG,MADONVITINH,MALOAIMATHANG)
values ('MA002',N'Mực kho','DVT07','LH004')
go
insert into MONAN(MAMONAN,GIABAN, HINHANH)
values ('MA002',25000,'https://lamthenaoaz.vn/wp-content/uploads/2018/07/muc-ong-kho-rim.jpg')


--INSERT CT MONAN--  
go
insert into CT_MONAN(MAMONAN,MANGUYENLIEU,SOLUONG)
values ('MA001','NL004',1)
insert into CT_MONAN(MAMONAN,MANGUYENLIEU,SOLUONG)
values ('MA001','NL008',1)
insert into CT_MONAN(MAMONAN,MANGUYENLIEU,SOLUONG)
values ('MA001','NL009',1)
insert into CT_MONAN(MAMONAN,MANGUYENLIEU,SOLUONG)
values ('MA001','NL010',1)
go
insert into CT_MONAN(MAMONAN,MANGUYENLIEU,SOLUONG)
values ('MA002','NL005',1)
insert into CT_MONAN(MAMONAN,MANGUYENLIEU,SOLUONG)
values ('MA002','NL008',1)
insert into CT_MONAN(MAMONAN,MANGUYENLIEU,SOLUONG)
values ('MA002','NL009',1)
insert into CT_MONAN(MAMONAN,MANGUYENLIEU,SOLUONG)
values ('MA002','NL010',1)

--INSERT MENUMONAN--
go
insert into MENUMONAN(MAMONAN,TRANGTHAI)
values ('MA001',1)
insert into MENUMONAN(MAMONAN,TRANGTHAI)
values ('MA002',0)


--INSERT MENU NUOCGIAIKHAT--
go
insert into MENUNUOCGIAIKHAT(MANUOCGIAIKHAT)
values ('NC001')
insert into MENUNUOCGIAIKHAT(MANUOCGIAIKHAT)
values ('NC002')

--INSERT NHACUNGCAP--
go
insert into NHACUNGCAP(MANHACUNGCAP,TENNHACUNGCAP,NGUOIDAIDIEN,SODIENTHOAI,DIACHI,MOTA,MALOAIMATHANGCUNGCAP)
values ('NCC0001',N'Rau bà Tám',N'Bà Tám','038224660',N'Chợ Hòa Vinh',N'','LH001')
insert into NHACUNGCAP(MANHACUNGCAP,TENNHACUNGCAP,NGUOIDAIDIEN,SODIENTHOAI,DIACHI,MOTA,MALOAIMATHANGCUNGCAP)
values ('NCC0002',N'Thịt heo ông Bảy',N'Ông Bảy','0334466552',N'Chợ Hòa Vinh',N'','LH001')
insert into NHACUNGCAP(MANHACUNGCAP,TENNHACUNGCAP,NGUOIDAIDIEN,SODIENTHOAI,DIACHI,MOTA,MALOAIMATHANGCUNGCAP)
values ('NCC0003',N'CTy Nước giải khát Dĩ An',N'','03888333456',N'Tuy Hòa, Phú Yên',N'','LH003')

--INSERT MATHANGNHAP_NHACUNGCAP--
go
insert into MATHANGNHAP_NHACUNGCAP(MAMATHANG,MANHACUNGCAP)
values ('NL001','NCC0001')
insert into MATHANGNHAP_NHACUNGCAP(MAMATHANG,MANHACUNGCAP)
values ('NL002','NCC0001')
insert into MATHANGNHAP_NHACUNGCAP(MAMATHANG,MANHACUNGCAP)
values ('NL003','NCC0001')

insert into MATHANGNHAP_NHACUNGCAP(MAMATHANG,MANHACUNGCAP)
values ('NL006','NCC0002')
insert into MATHANGNHAP_NHACUNGCAP(MAMATHANG,MANHACUNGCAP)
values ('NL004','NCC0002')
insert into MATHANGNHAP_NHACUNGCAP(MAMATHANG,MANHACUNGCAP)
values ('NL001','NCC0002')

insert into MATHANGNHAP_NHACUNGCAP(MAMATHANG,MANHACUNGCAP)
values ('NC001','NCC0003')
insert into MATHANGNHAP_NHACUNGCAP(MAMATHANG,MANHACUNGCAP)
values ('NC002','NCC0003')

--INSERT NHAPMATHANG--
insert into NHAPMATHANG(MAPHIEUNHAP,MAMATHANG,MANHACUNGCAP,NGAYNHAP,SOLUONG,DONGIA,THANHTIEN,HANSUDUNG)
values ('PN00000001','NL004','NCC0002','4/4/2020',2,200000,400000,null)

--INSERT CT_GIOHANG--
insert into CT_GIOHANG(MAKHACHHANG,MAMATHANG,SOLUONG)
values ('kh00000001','MA001',3)
insert into CT_GIOHANG(MAKHACHHANG,MAMATHANG,SOLUONG)
values ('kh00000001','MA002',1)

--INSERT DONDATHANG--
insert into DONDATHANG(MADON,NGAY,THOIGIAN,MAKHACHHANG,DIACHIGIAOHANG,GHICHU,TINHTRANGDONHANG,GHICHUCUANGUOIBAN)
values ('DH000001','6/4/2020','10:20:30','kh00000001',N'Số 28 thôn 5',N'Lấy em cơm thêm ạ!',2,N'')
--INSERT CT_ĐONATHANG
insert into CT_DONDATHANG(MACTDDH,MADON,MAMATHANG,SOLUONG,DONGIA)
values('CT0000001','DH000001','MA001',2,20000)
insert into CT_DONDATHANG(MACTDDH,MADON,MAMATHANG,SOLUONG,DONGIA)
values('CT0000002','DH000001','MA002',2,25000)
insert into CT_DONDATHANG(MACTDDH,MADON,MAMATHANG,SOLUONG,DONGIA)
values('CT0000003','DH000001','NC001',1,10000)

--INSERT DONDATHANG--
insert into DONDATHANG(MADON,NGAY,THOIGIAN,MAKHACHHANG,DIACHIGIAOHANG,GHICHU,TINHTRANGDONHANG,GHICHUCUANGUOIBAN)
values ('DH000002','5/5/2020','10:20:30','kh00000001',N'Số 21 đường A1 thôn 4',N'Lấy em cơm thêm nha!',0,N'')
--INSERT CT_ĐONATHANG
insert into CT_DONDATHANG(MACTDDH,MADON,MAMATHANG,SOLUONG,DONGIA)
values('CT0000005','DH000002','MA002',2,25000)
insert into CT_DONDATHANG(MACTDDH,MADON,MAMATHANG,SOLUONG,DONGIA)
values('CT0000006','DH000002','NC001',1,10000)

select * from CT_DONDATHANG

--INSERT DONGOIMON--
insert into DONGOIMON(MADON,NGAY,THOIGIAN,GHICHU,BAN,TINHTRANG)
values('GM000001','4/4/2020','10:32:05',N'','',1)
--INSERT CT_DONGOIMON--
insert into CT_DONGOIMON(MACTDGM,MADON,MAMATHANG,SOLUONG,DONGIA)
values('CT0000001','GM000001','MA002',1,25000)

--INSERT CHIPHIKHAC--
insert into CHIPHIKHAC(MACHIPHI,TENCHIPHI,SOTIEN,NGAYTRA,MOTA,ISCHIPHITHU)
values('CP000001',N'Tiền điện',400000,'5/4/2020',N'',0)--0 la chi phi chi
insert into CHIPHIKHAC(MACHIPHI,TENCHIPHI,SOTIEN,NGAYTRA,MOTA,ISCHIPHITHU)
values('CP000002',N'Tiền bán thức ăn thừa',50000,'5/4/2020',N'',1)--1 la tien thu vao


--INSERT THAMSO
insert into THAMSO(MATHAMSO,TENTHAMSO,KIEU,GIATRI,TINHTRANG)
values('TS001',N'TuoiNhanVienToiThieu','int',16,1)
insert into THAMSO(MATHAMSO,TENTHAMSO,KIEU,GIATRI,TINHTRANG)
values('TS002',N'SoTienDonDatHangToiThieu','int',40000,1)


